{
    "count": 1,
    "took": 96,
    "items": [
        {
            "code": "dept-code",
            "name": "dept-name",
            "url": "www.dept.com",
            "terms": [
                "test-search-terms"
            ],
            "matches": [
                {
                    "terms": [
                        {
                            "value": "dept-match",
                            "start": 3,
                            "end": 8
                        }
                    ]
                }
            ]
        }
    ]
}